gameId,teamId,teamCity,teamName,teamTricode,teamSlug,personId,firstName,familyName,nameI,playerSlug,position,comment,jerseyNum,minutes,fieldGoalsMade,fieldGoalsAttempted,fieldGoalsPercentage,threePointersMade,threePointersAttempted,threePointersPercentage,freeThrowsMade,freeThrowsAttempted,freeThrowsPercentage,reboundsOffensive,reboundsDefensive,reboundsTotal,assists,steals,blocks,turnovers,foulsPersonal,points,plusMinusPoints,gameDate
0022100001,1610612751,Brooklyn,Nets,BKN,nets,201142,Kevin,Durant,K. Durant,kevin-durant,F,,,30:15,13,25,0.52,3,7,0.429,3,6,0.5,0,11,11,4,0,2,1,2,32,-20.0,2021-10-19
0022100001,1610612751,Brooklyn,Nets,BKN,nets,201933,Blake,Griffin,B. Griffin,blake-griffin,F,,,22:59,2,5,0.4,0,1,0.0,2,2,1.0,1,4,5,0,1,0,1,1,6,-6.0,2021-10-19
0022100001,1610612751,Brooklyn,Nets,BKN,nets,1629651,Nic,Claxton,N. Claxton,nic-claxton,C,,,24:10,6,9,0.667,0,0,0.0,0,3,0.0,0,7,7,0,0,0,0,3,12,-15.0,2021-10-19
0022100001,1610612751,Brooklyn,Nets,BKN,nets,203925,Joe,Harris,J. Harris,joe-harris,G,,,30:46,3,9,0.333,3,5,0.6,0,0,0.0,0,2,2,2,0,0,2,1,9,0.0,2021-10-19
0022100001,1610612751,Brooklyn,Nets,BKN,nets,201935,James,Harden,J. Harden,james-harden,G,,,30:38,6,16,0.375,4,8,0.5,4,4,1.0,3,5,8,8,1,2,4,3,20,-20.0,2021-10-19
0022100001,1610612751,Brooklyn,Nets,BKN,nets,201988,Patty,Mills,P. Mills,patty-mills,,,,29:22,7,11,0.636,7,7,1.0,0,0,0.0,0,2,2,2,1,1,0,1,21,7.0,2021-10-19
0022100001,1610612751,Brooklyn,Nets,BKN,nets,200794,Paul,Millsap,P. Millsap,paul-millsap,,,,5:13,0,0,0.0,0,0,0.0,0,0,0.0,1,2,3,0,0,1,1,0,0,-1.0,2021-10-19
0022100001,1610612751,Brooklyn,Nets,BKN,nets,200746,LaMarcus,Aldridge,L. Aldridge,lamarcus-aldridge,,,,15:42,0,2,0.0,0,0,0.0,1,4,0.25,0,3,3,1,0,1,1,2,1,2.0,2021-10-19
0022100001,1610612751,Brooklyn,Nets,BKN,nets,1628975,Jevon,Carter,J. Carter,jevon-carter,,,,18:57,0,3,0.0,0,2,0.0,0,0,0.0,0,2,2,0,0,0,1,1,0,-29.0,2021-10-19
0022100001,1610612751,Brooklyn,Nets,BKN,nets,201949,James,Johnson,J. Johnson,james-johnson,,,,20:43,0,2,0.0,0,1,0.0,1,2,0.5,0,0,0,2,0,1,0,3,1,-6.0,2021-10-19
0022100001,1610612751,Brooklyn,Nets,BKN,nets,1627761,DeAndre',Bembry,D. Bembry,deandre-bembry,,,,3:45,0,0,0.0,0,0,0.0,0,0,0.0,0,0,0,0,0,0,0,0,0,-9.0,2021-10-19
0022100001,1610612751,Brooklyn,Nets,BKN,nets,1630560,Cam,Thomas,C. Thomas,cam-thomas,,,,3:45,0,2,0.0,0,1,0.0,2,2,1.0,0,0,0,0,0,0,1,0,2,-9.0,2021-10-19
0022100001,1610612751,Brooklyn,Nets,BKN,nets,1628971,Bruce,Brown,B. Brown,bruce-brown,,,,3:45,0,0,0.0,0,0,0.0,0,0,0.0,0,1,1,0,0,1,0,0,0,-9.0,2021-10-19
0022100001,1610612751,Brooklyn,Nets,BKN,nets,1630561,David,Duke Jr.,D. Duke Jr.,david-duke-jr,,DNP - Coach's Decision,,,0,0,0.0,0,0,0.0,0,0,0.0,0,0,0,0,0,0,0,0,0,0.0,2021-10-19
0022100001,1610612751,Brooklyn,Nets,BKN,nets,1630556,Kessler,Edwards,K. Edwards,kessler-edwards,,DNP - Coach's Decision,,,0,0,0.0,0,0,0.0,0,0,0.0,0,0,0,0,0,0,0,0,0,0.0,2021-10-19
0022100001,1610612749,Milwaukee,Bucks,MIL,bucks,203114,Khris,Middleton,K. Middleton,khris-middleton,F,,,30:57,8,17,0.471,1,4,0.25,3,4,0.75,0,9,9,3,1,0,1,3,20,20.0,2021-10-19
0022100001,1610612749,Milwaukee,Bucks,MIL,bucks,203507,Giannis,Antetokounmpo,G. Antetokounmpo,giannis-antetokounmpo,F,,,30:57,12,25,0.48,1,4,0.25,7,9,0.778,5,9,14,7,1,2,4,4,32,25.0,2021-10-19
0022100001,1610612749,Milwaukee,Bucks,MIL,bucks,201572,Brook,Lopez,B. Lopez,brook-lopez,C,,,28:10,3,9,0.333,2,4,0.5,0,0,0.0,2,3,5,0,1,3,0,3,8,0.0,2021-10-19
0022100001,1610612749,Milwaukee,Bucks,MIL,bucks,1628960,Grayson,Allen,G. Allen,grayson-allen,G,,,27:43,3,10,0.3,3,10,0.3,1,1,1.0,0,4,4,6,2,0,0,0,10,23.0,2021-10-19
0022100001,1610612749,Milwaukee,Bucks,MIL,bucks,201950,Jrue,Holiday,J. Holiday,jrue-holiday,G,,,17:43,5,7,0.714,2,4,0.5,0,0,0.0,1,0,1,1,1,0,0,0,12,17.0,2021-10-19
0022100001,1610612749,Milwaukee,Bucks,MIL,bucks,1626192,Pat,Connaughton,P. Connaughton,pat-connaughton,,,,29:58,8,13,0.615,4,9,0.444,0,0,0.0,0,3,3,2,1,1,0,0,20,0.0,2021-10-19
0022100001,1610612749,Milwaukee,Bucks,MIL,bucks,201588,George,Hill,G. Hill,george-hill,,,,23:21,0,3,0.0,0,2,0.0,1,2,0.5,2,3,5,3,0,1,1,5,1,-6.0,2021-10-19
0022100001,1610612749,Milwaukee,Bucks,MIL,bucks,203648,Thanasis,Antetokounmpo,T. Antetokounmpo,thanasis-antetokounmpo,,,,12:24,2,3,0.667,0,0,0.0,2,2,1.0,1,3,4,1,0,1,0,1,6,8.0,2021-10-19
0022100001,1610612749,Milwaukee,Bucks,MIL,bucks,1629670,Jordan,Nwora,J. Nwora,jordan-nwora,,,,26:28,6,13,0.462,3,6,0.5,0,0,0.0,0,6,6,1,1,1,1,3,15,6.0,2021-10-19
0022100001,1610612749,Milwaukee,Bucks,MIL,bucks,1630572,Sandro,Mamukelashvili,S. Mamukelashvili,sandro-mamukelashvili,,,,7:02,0,1,0.0,0,0,0.0,0,0,0.0,0,1,1,1,0,0,0,0,0,9.0,2021-10-19
0022100001,1610612749,Milwaukee,Bucks,MIL,bucks,1629620,Justin,Robinson,J. Robinson,justin-robinson,,,,4:01,1,2,0.5,1,2,0.5,0,0,0.0,0,0,0,0,0,0,0,0,3,11.0,2021-10-19
0022100001,1610612749,Milwaukee,Bucks,MIL,bucks,1630686,Georgios,Kalaitzakis,B. Kalaitzakis,georgios-kalaitzakis,,,,1:16,0,2,0.0,0,0,0.0,0,0,0.0,2,0,2,0,0,0,0,0,0,2.0,2021-10-19
0022100002,1610612744,Golden State,Warriors,GSW,warriors,203952,Andrew,Wiggins,A. Wiggins,andrew-wiggins,F,,,25:44,5,10,0.5,2,5,0.4,0,0,0.0,1,6,7,1,1,0,2,3,12,-5.0,2021-10-19
0022100002,1610612744,Golden State,Warriors,GSW,warriors,203110,Draymond,Green,D. Green,draymond-green,F,,,29:56,2,5,0.4,0,0,0.0,2,4,0.5,3,5,8,6,1,0,5,3,6,-2.0,2021-10-19
0022100002,1610612744,Golden State,Warriors,GSW,warriors,1626172,Kevon,Looney,K. Looney,kevon-looney,C,,,15:28,3,5,0.6,0,0,0.0,1,2,0.5,2,2,4,1,1,1,1,0,7,-8.0,2021-10-19
0022100002,1610612744,Golden State,Warriors,GSW,warriors,1629673,Jordan,Poole,J. Poole,jordan-poole,G,,,25:04,8,18,0.444,4,11,0.364,0,1,0.0,0,2,2,3,1,0,2,2,20,2.0,2021-10-19
0022100002,1610612744,Golden State,Warriors,GSW,warriors,201939,Stephen,Curry,S. Curry,stephen-curry,G,,,36:11,5,21,0.238,2,8,0.25,9,9,1.0,1,9,10,10,3,0,4,1,21,4.0,2021-10-19
0022100002,1610612744,Golden State,Warriors,GSW,warriors,202357,Nemanja,Bjelica,N. Bjelica,nemanja-bjelica,,,,25:55,6,7,0.857,1,1,1.0,2,2,1.0,2,9,11,4,1,0,1,2,15,20.0,2021-10-19
0022100002,1610612744,Golden State,Warriors,GSW,warriors,2738,Andre,Iguodala,A. Iguodala,andre-iguodala,,,,22:58,4,7,0.571,2,5,0.4,2,2,1.0,0,1,1,2,0,1,0,1,12,8.0,2021-10-19
0022100002,1610612744,Golden State,Warriors,GSW,warriors,1627814,Damion,Lee,D. Lee,damion-lee,,,,29:04,4,10,0.4,1,5,0.2,6,6,1.0,0,1,1,2,0,0,0,3,15,9.0,2021-10-19
0022100002,1610612744,Golden State,Warriors,GSW,warriors,1629308,Juan,Toscano-Anderson,J. Toscano-Anderson,juan-toscano-anderson,,,,12:23,2,3,0.667,1,2,0.5,1,2,0.5,0,3,3,1,0,0,1,1,6,7.0,2021-10-19
0022100002,1610612744,Golden State,Warriors,GSW,warriors,203490,Otto,Porter Jr.,O. Porter Jr.,otto-porter-jr,,,,11:35,1,3,0.333,1,2,0.5,2,2,1.0,0,1,1,0,1,0,1,2,5,1.0,2021-10-19
0022100002,1610612744,Golden State,Warriors,GSW,warriors,1630541,Moses,Moody,M. Moody,moses-moody,,,,5:34,1,3,0.333,0,0,0.0,0,0,0.0,0,2,2,0,0,0,0,0,2,-1.0,2021-10-19
0022100002,1610612744,Golden State,Warriors,GSW,warriors,1627780,Gary,Payton II,G. Payton II,gary-payton-ii,,,,0:07,0,1,0.0,0,0,0.0,0,0,0.0,0,0,0,0,0,0,0,0,0,0.0,2021-10-19
0022100002,1610612747,Los Angeles,Lakers,LAL,lakers,2544,LeBron,James,L. James,lebron-james,F,,,36:45,13,23,0.565,5,11,0.455,3,6,0.5,1,10,11,5,1,1,4,5,34,-2.0,2021-10-19
0022100002,1610612747,Los Angeles,Lakers,LAL,lakers,203076,Anthony,Davis,A. Davis,anthony-davis,F,,,38:55,15,26,0.577,1,5,0.2,2,7,0.286,2,9,11,2,1,2,0,0,33,-2.0,2021-10-19
0022100002,1610612747,Los Angeles,Lakers,LAL,lakers,201599,DeAndre,Jordan,D. Jordan,deandre-jordan,C,,,12:55,1,1,1.0,0,0,0.0,0,0,0.0,0,2,2,1,1,0,0,3,2,2.0,2021-10-19
0022100002,1610612747,Los Angeles,Lakers,LAL,lakers,203145,Kent,Bazemore,K. Bazemore,kent-bazemore,G,,,30:37,3,9,0.333,2,8,0.25,0,0,0.0,0,2,2,0,0,1,1,4,8,10.0,2021-10-19
0022100002,1610612747,Los Angeles,Lakers,LAL,lakers,201566,Russell,Westbrook,R. Westbrook,russell-westbrook,G,,,35:08,4,13,0.308,0,4,0.0,0,0,0.0,1,4,5,4,0,0,4,4,8,-23.0,2021-10-19
0022100002,1610612747,Los Angeles,Lakers,LAL,lakers,200765,Rajon,Rondo,R. Rondo,rajon-rondo,,,,19:49,1,4,0.25,1,3,0.333,0,0,0.0,0,0,0,5,2,0,3,2,3,1.0,2021-10-19
0022100002,1610612747,Los Angeles,Lakers,LAL,lakers,2546,Carmelo,Anthony,C. Anthony,carmelo-anthony,,,,26:04,3,9,0.333,2,4,0.5,1,2,0.5,0,4,4,2,0,0,1,2,9,-5.0,2021-10-19
0022100002,1610612747,Los Angeles,Lakers,LAL,lakers,1628370,Malik,Monk,M. Monk,malik-monk,,,,18:44,2,5,0.4,2,4,0.5,0,0,0.0,0,3,3,1,2,0,1,1,6,-10.0,2021-10-19
0022100002,1610612747,Los Angeles,Lakers,LAL,lakers,2730,Dwight,Howard,D. Howard,dwight-howard,,,,12:49,1,2,0.5,0,0,0.0,3,4,0.75,0,6,6,0,0,0,2,2,5,-7.0,2021-10-19
0022100002,1610612747,Los Angeles,Lakers,LAL,lakers,202340,Avery,Bradley,A. Bradley,avery-bradley,,,,8:14,2,3,0.667,2,3,0.667,0,0,0.0,1,0,1,1,0,0,1,2,6,1.0,2021-10-19
0022100002,1610612747,Los Angeles,Lakers,LAL,lakers,1629635,Sekou,Doumbouya,S. Doumbouya,sekou-doumbouya,,DNP - Coach's Decision,,,0,0,0.0,0,0,0.0,0,0,0.0,0,0,0,0,0,0,0,0,0,0.0,2021-10-19
0022100002,1610612747,Los Angeles,Lakers,LAL,lakers,1630559,Austin,Reaves,A. Reaves,austin-reaves,,DNP - Coach's Decision,,,0,0,0.0,0,0,0.0,0,0,0.0,0,0,0,0,0,0,0,0,0,0.0,2021-10-19
0022100004,1610612741,Chicago,Bulls,CHI,bulls,201942,DeMar,DeRozan,D. DeRozan,demar-derozan,F,,,37:46,8,17,0.471,1,1,1.0,0,2,0.0,0,7,7,2,3,0,2,2,17,5.0,2021-10-20
0022100004,1610612741,Chicago,Bulls,CHI,bulls,1630172,Patrick,Williams,P. Williams,patrick-williams,F,,,28:27,2,3,0.667,0,0,0.0,2,2,1.0,0,1,1,0,0,0,1,2,6,12.0,2021-10-20
0022100004,1610612741,Chicago,Bulls,CHI,bulls,202696,Nikola,Vučević,N. Vučević,nikola-vučević,C,,,35:53,7,21,0.333,1,4,0.25,0,0,0.0,5,10,15,4,0,0,3,1,15,13.0,2021-10-20
0022100004,1610612741,Chicago,Bulls,CHI,bulls,203897,Zach,LaVine,Z. LaVine,zach-lavine,G,,,35:20,11,17,0.647,1,5,0.2,11,11,1.0,0,7,7,4,1,1,2,2,34,8.0,2021-10-20
0022100004,1610612741,Chicago,Bulls,CHI,bulls,1628366,Lonzo,Ball,L. Ball,lonzo-ball,G,,,33:22,5,12,0.417,2,6,0.333,0,0,0.0,3,3,6,4,0,1,4,0,12,17.0,2021-10-20
0022100004,1610612741,Chicago,Bulls,CHI,bulls,1628972,Troy,Brown Jr.,T. Brown Jr.,troy-brown-jr,,,,4:10,0,0,0.0,0,0,0.0,0,0,0.0,0,0,0,0,0,0,0,3,0,-6.0,2021-10-20
0022100004,1610612741,Chicago,Bulls,CHI,bulls,1629750,Javonte,Green,J. Green,javonte-green,,,,14:49,0,1,0.0,0,1,0.0,0,0,0.0,0,3,3,1,0,0,0,0,0,-8.0,2021-10-20
0022100004,1610612741,Chicago,Bulls,CHI,bulls,1627936,Alex,Caruso,A. Caruso,alex-caruso,,,,27:08,1,5,0.2,1,3,0.333,0,0,0.0,0,3,3,3,4,2,2,5,3,-11.0,2021-10-20
0022100004,1610612741,Chicago,Bulls,CHI,bulls,1628993,Alize,Johnson,A. Johnson,alize-johnson,,,,11:54,0,2,0.0,0,0,0.0,0,0,0.0,1,3,4,0,0,0,2,3,0,-7.0,2021-10-20
0022100004,1610612741,Chicago,Bulls,CHI,bulls,1630245,Ayo,Dosunmu,A. Dosunmu,ayo-dosunmu,,,,11:12,3,8,0.375,1,3,0.333,0,0,0.0,0,2,2,0,0,1,1,1,7,7.0,2021-10-20
0022100004,1610612741,Chicago,Bulls,CHI,bulls,1628396,Tony,Bradley,T. Bradley,tony-bradley,,DNP - Coach's Decision,,,0,0,0.0,0,0,0.0,0,0,0.0,0,0,0,0,0,0,0,0,0,0.0,2021-10-20
0022100004,1610612741,Chicago,Bulls,CHI,bulls,1627884,Derrick,Jones Jr.,D. Jones Jr.,derrick-jones-jr,,DNP - Coach's Decision,,,0,0,0.0,0,0,0.0,0,0,0.0,0,0,0,0,0,0,0,0,0,0.0,2021-10-20
0022100004,1610612741,Chicago,Bulls,CHI,bulls,1630250,Marko,Simonovic,M. Simonovic,marko-simonovic,,DNP - Coach's Decision,,,0,0,0.0,0,0,0.0,0,0,0.0,0,0,0,0,0,0,0,0,0,0.0,2021-10-20
0022100004,1610612741,Chicago,Bulls,CHI,bulls,1629744,Matt,Thomas,M. Thomas,matt-thomas,,DNP - Coach's Decision,,,0,0,0.0,0,0,0.0,0,0,0.0,0,0,0,0,0,0,0,0,0,0.0,2021-10-20
0022100004,1610612765,Detroit,Pistons,DET,pistons,1630180,Saddiq,Bey,S. Bey,saddiq-bey,F,,,32:32,6,15,0.4,0,4,0.0,1,2,0.5,2,7,9,4,0,0,1,4,13,-6.0,2021-10-20
0022100004,1610612765,Detroit,Pistons,DET,pistons,203924,Jerami,Grant,J. Grant,jerami-grant,F,,,32:21,8,20,0.4,3,5,0.6,5,5,1.0,3,3,6,2,1,1,1,3,24,-10.0,2021-10-20
0022100004,1610612765,Detroit,Pistons,DET,pistons,1630191,Isaiah,Stewart,I. Stewart,isaiah-stewart,C,,,25:49,6,9,0.667,0,1,0.0,0,0,0.0,2,6,8,0,0,1,2,1,12,-7.0,2021-10-20
0022100004,1610612765,Detroit,Pistons,DET,pistons,1628402,Frank,Jackson,F. Jackson,frank-jackson,G,,,28:34,3,8,0.375,1,5,0.2,0,0,0.0,0,2,2,0,0,0,2,4,7,-13.0,2021-10-20
0022100004,1610612765,Detroit,Pistons,DET,pistons,1630165,Killian,Hayes,K. Hayes,killian-hayes,G,,,20:18,0,6,0.0,0,0,0.0,0,0,0.0,1,4,5,2,0,0,2,1,0,-11.0,2021-10-20
0022100004,1610612765,Detroit,Pistons,DET,pistons,202709,Cory,Joseph,C. Joseph,cory-joseph,,,,27:42,1,6,0.167,1,4,0.25,0,0,0.0,2,1,3,2,2,1,1,0,3,5.0,2021-10-20
0022100004,1610612765,Detroit,Pistons,DET,pistons,203482,Kelly,Olynyk,K. Olynyk,kelly-olynyk,,,,22:11,5,10,0.5,0,4,0.0,0,1,0.0,0,4,4,3,1,0,2,0,10,1.0,2021-10-20
0022100004,1610612765,Detroit,Pistons,DET,pistons,1628977,Hamidou,Diallo,H. Diallo,hamidou-diallo,,,,15:12,2,5,0.4,0,1,0.0,4,4,1.0,0,0,0,1,1,1,0,1,8,8.0,2021-10-20
0022100004,1610612765,Detroit,Pistons,DET,pistons,1626168,Trey,Lyles,T. Lyles,trey-lyles,,,,16:44,2,4,0.5,0,1,0.0,0,0,0.0,0,6,6,1,2,0,2,0,4,0.0,2021-10-20
0022100004,1610612765,Detroit,Pistons,DET,pistons,1628367,Josh,Jackson,J. Jackson,josh-jackson,,,,18:38,3,7,0.429,1,3,0.333,0,1,0.0,1,3,4,2,0,1,3,2,7,3.0,2021-10-20
0022100004,1610612765,Detroit,Pistons,DET,pistons,1630568,Luka,Garza,L. Garza,luka-garza,,DNP - Coach's Decision,,,0,0,0.0,0,0,0.0,0,0,0.0,0,0,0,0,0,0,0,0,0,0.0,2021-10-20
0022100004,1610612765,Detroit,Pistons,DET,pistons,1630240,Saben,Lee,S. Lee,saben-lee,,DNP - Coach's Decision,,,0,0,0.0,0,0,0.0,0,0,0.0,0,0,0,0,0,0,0,0,0,0.0,2021-10-20
0022100004,1610612765,Detroit,Pistons,DET,pistons,203585,Rodney,McGruder,R. McGruder,rodney-mcgruder,,DNP - Coach's Decision,,,0,0,0.0,0,0,0.0,0,0,0.0,0,0,0,0,0,0,0,0,0,0.0,2021-10-20
0022100004,1610612765,Detroit,Pistons,DET,pistons,1630691,Jamorko,Pickett,J. Pickett,jamorko-pickett,,DNP - Coach's Decision,,,0,0,0.0,0,0,0.0,0,0,0.0,0,0,0,0,0,0,0,0,0,0.0,2021-10-20
0022100013,1610612758,Sacramento,Kings,SAC,kings,203084,Harrison,Barnes,H. Barnes,harrison-barnes,F,,,36:54,10,19,0.526,8,11,0.727,8,9,0.889,2,7,9,2,2,0,0,0,36,6.0,2021-10-20
0022100013,1610612758,Sacramento,Kings,SAC,kings,203090,Maurice,Harkless,M. Harkless,maurice-harkless,F,,,22:02,2,6,0.333,0,3,0.0,3,3,1.0,0,2,2,0,1,1,1,2,7,4.0,2021-10-20
0022100013,1610612758,Sacramento,Kings,SAC,kings,1626158,Richaun,Holmes,R. Holmes,richaun-holmes,C,,,29:08,9,10,0.9,1,1,1.0,2,3,0.667,4,7,11,2,1,2,1,2,21,20.0,2021-10-20
0022100013,1610612758,Sacramento,Kings,SAC,kings,1630169,Tyrese,Haliburton,T. Haliburton,tyrese-haliburton,G,,,28:36,1,5,0.2,0,1,0.0,0,0,0.0,0,2,2,4,1,0,1,2,2,8.0,2021-10-20
0022100013,1610612758,Sacramento,Kings,SAC,kings,1628368,De'Aaron,Fox,D. Fox,deaaron-fox,G,,,36:07,9,22,0.409,2,8,0.25,7,10,0.7,0,5,5,8,0,1,5,5,27,6.0,2021-10-20
0022100013,1610612758,Sacramento,Kings,SAC,kings,202684,Tristan,Thompson,T. Thompson,tristan-thompson,,,,18:49,3,5,0.6,0,0,0.0,0,0,0.0,1,4,5,0,0,0,1,3,6,-17.0,2021-10-20
0022100013,1610612758,Sacramento,Kings,SAC,kings,1627741,Buddy,Hield,B. Hield,buddy-hield,,,,30:51,5,9,0.556,4,7,0.571,3,4,0.75,0,6,6,2,0,0,0,2,17,5.0,2021-10-20
0022100013,1610612758,Sacramento,Kings,SAC,kings,1630558,Davion,Mitchell,D. Mitchell,davion-mitchell,,,,24:26,1,6,0.167,0,2,0.0,0,0,0.0,0,3,3,3,0,0,0,3,2,-10.0,2021-10-20
0022100013,1610612758,Sacramento,Kings,SAC,kings,1629056,Terence,Davis,T. Davis,terence-davis,,,,13:07,2,10,0.2,2,8,0.25,0,0,0.0,0,0,0,3,1,0,1,3,6,-7.0,2021-10-20
0022100013,1610612758,Sacramento,Kings,SAC,kings,1628963,Marvin,Bagley III,M. Bagley III,marvin-bagley-iii,,DNP - Coach's Decision,,,0,0,0.0,0,0,0.0,0,0,0.0,0,0,0,0,0,0,0,0,0,0.0,2021-10-20
0022100013,1610612758,Sacramento,Kings,SAC,kings,1627745,Damian,Jones,D. Jones,damian-jones,,DNP - Coach's Decision,,,0,0,0.0,0,0,0.0,0,0,0.0,0,0,0,0,0,0,0,0,0,0.0,2021-10-20
0022100013,1610612758,Sacramento,Kings,SAC,kings,203458,Alex,Len,A. Len,alex-len,,DNP - Coach's Decision,,,0,0,0.0,0,0,0.0,0,0,0.0,0,0,0,0,0,0,0,0,0,0.0,2021-10-20
0022100013,1610612758,Sacramento,Kings,SAC,kings,1629002,Chimezie,Metu,C. Metu,chimezie-metu,,DNP - Coach's Decision,,,0,0,0.0,0,0,0.0,0,0,0.0,0,0,0,0,0,0,0,0,0,0.0,2021-10-20
0022100013,1610612758,Sacramento,Kings,SAC,kings,1630186,Jahmi'us,Ramsey,J. Ramsey,jahmius-ramsey,,DNP - Coach's Decision,,,0,0,0.0,0,0,0.0,0,0,0.0,0,0,0,0,0,0,0,0,0,0.0,2021-10-20
0022100013,1610612758,Sacramento,Kings,SAC,kings,1630218,Robert,Woodard II,R. Woodard II,robert-woodard-ii,,DNP - Coach's Decision,,,0,0,0.0,0,0,0.0,0,0,0.0,0,0,0,0,0,0,0,0,0,0.0,2021-10-20
0022100013,1610612757,Portland,Trail Blazers,POR,blazers,1626181,Norman,Powell,N. Powell,norman-powell,F,,,35:10,3,9,0.333,1,3,0.333,7,8,0.875,0,5,5,0,0,0,1,3,14,3.0,2021-10-20
0022100013,1610612757,Portland,Trail Blazers,POR,blazers,203496,Robert,Covington,R. Covington,robert-covington,F,,,30:55,3,9,0.333,2,7,0.286,0,0,0.0,0,4,4,0,0,2,1,2,8,-9.0,2021-10-20
0022100013,1610612757,Portland,Trail Blazers,POR,blazers,203994,Jusuf,Nurkić,J. Nurkić,jusuf-nurkić,C,,,28:45,6,10,0.6,1,1,1.0,7,7,1.0,3,11,14,2,0,1,1,4,20,-2.0,2021-10-20
0022100013,1610612757,Portland,Trail Blazers,POR,blazers,203468,CJ,McCollum,C. McCollum,cj-mccollum,G,,,35:12,14,24,0.583,6,11,0.545,0,0,0.0,2,4,6,5,3,1,5,4,34,0.0,2021-10-20
0022100013,1610612757,Portland,Trail Blazers,POR,blazers,203081,Damian,Lillard,D. Lillard,damian-lillard,G,,,40:15,8,24,0.333,0,9,0.0,4,5,0.8,0,6,6,11,1,0,1,3,20,-2.0,2021-10-20
0022100013,1610612757,Portland,Trail Blazers,POR,blazers,1629642,Nassir,Little,N. Little,nassir-little,,,,15:47,3,5,0.6,1,1,1.0,0,0,0.0,2,1,3,0,0,0,1,1,7,-1.0,2021-10-20
0022100013,1610612757,Portland,Trail Blazers,POR,blazers,203469,Cody,Zeller,C. Zeller,cody-zeller,,,,19:08,2,3,0.667,0,0,0.0,1,2,0.5,2,4,6,1,1,1,0,1,5,1.0,2021-10-20
0022100013,1610612757,Portland,Trail Blazers,POR,blazers,1626204,Larry,Nance Jr.,L. Nance Jr.,larry-nance-jr,,,,17:09,1,3,0.333,0,1,0.0,0,0,0.0,0,3,3,2,0,0,1,4,2,4.0,2021-10-20
0022100013,1610612757,Portland,Trail Blazers,POR,blazers,1629014,Anfernee,Simons,A. Simons,anfernee-simons,,,,17:39,5,6,0.833,1,2,0.5,0,0,0.0,0,2,2,4,0,0,1,0,11,-9.0,2021-10-20
0022100013,1610612757,Portland,Trail Blazers,POR,blazers,1630535,Greg,Brown III,G. Brown III,greg-brown-iii,,DNP - Coach's Decision,,,0,0,0.0,0,0,0.0,0,0,0.0,0,0,0,0,0,0,0,0,0,0.0,2021-10-20
0022100013,1610612757,Portland,Trail Blazers,POR,blazers,1629604,CJ,Elleby,C. Elleby,cj-elleby,,DNP - Coach's Decision,,,0,0,0.0,0,0,0.0,0,0,0.0,0,0,0,0,0,0,0,0,0,0.0,2021-10-20
0022100013,1610612757,Portland,Trail Blazers,POR,blazers,203463,Ben,McLemore,B. McLemore,ben-mclemore,,DNP - Coach's Decision,,,0,0,0.0,0,0,0.0,0,0,0.0,0,0,0,0,0,0,0,0,0,0.0,2021-10-20
0022100013,1610612757,Portland,Trail Blazers,POR,blazers,1628372,Dennis,Smith Jr.,D. Smith Jr.,dennis-smith-jr,,DNP - Coach's Decision,,,0,0,0.0,0,0,0.0,0,0,0.0,0,0,0,0,0,0,0,0,0,0.0,2021-10-20
0022100011,1610612760,Oklahoma City,Thunder,OKC,thunder,1629652,Luguentz,Dort,L. Dort,luguentz-dort,F,,,30:07,2,10,0.2,1,6,0.167,2,4,0.5,2,4,6,2,2,0,3,3,7,-21.0,2021-10-20
0022100011,1610612760,Oklahoma City,Thunder,OKC,thunder,1629647,Darius,Bazley,D. Bazley,darius-bazley,F,,,30:23,5,14,0.357,1,7,0.143,4,5,0.8,1,6,7,2,0,0,1,0,15,-19.0,2021-10-20
0022100011,1610612760,Oklahoma City,Thunder,OKC,thunder,202324,Derrick,Favors,D. Favors,derrick-favors,C,,,20:19,2,9,0.222,0,0,0.0,0,0,0.0,4,5,9,1,0,1,1,1,4,-13.0,2021-10-20
0022100011,1610612760,Oklahoma City,Thunder,OKC,thunder,1630581,Josh,Giddey,J. Giddey,josh-giddey,G,,,28:42,2,7,0.286,0,0,0.0,0,0,0.0,2,8,10,3,0,0,1,2,4,-16.0,2021-10-20
0022100011,1610612760,Oklahoma City,Thunder,OKC,thunder,1628983,Shai,Gilgeous-Alexander,S. Gilgeous-Alexander,shai-gilgeous-alexander,G,,,32:40,7,17,0.412,1,7,0.143,3,5,0.6,1,3,4,2,0,0,1,2,18,-21.0,2021-10-20
0022100011,1610612760,Oklahoma City,Thunder,OKC,thunder,1629676,Isaiah,Roby,I. Roby,isaiah-roby,,,,14:23,4,8,0.5,0,3,0.0,0,0,0.0,4,2,6,1,0,0,1,2,8,3.0,2021-10-20
0022100011,1610612760,Oklahoma City,Thunder,OKC,thunder,1630544,Tre,Mann,T. Mann,tre-mann,,,,14:55,4,7,0.571,1,2,0.5,0,0,0.0,0,0,0,1,1,1,1,0,9,-4.0,2021-10-20
0022100011,1610612760,Oklahoma City,Thunder,OKC,thunder,1630197,Aleksej,Pokusevski,A. Pokusevski,aleksej-pokusevski,,,,14:56,0,2,0.0,0,2,0.0,0,2,0.0,1,2,3,3,1,0,2,1,0,-2.0,2021-10-20
0022100011,1610612760,Oklahoma City,Thunder,OKC,thunder,1629026,Kenrich,Williams,K. Williams,kenrich-williams,,,,15:52,3,5,0.6,1,2,0.5,0,0,0.0,0,0,0,1,0,0,1,2,7,-1.0,2021-10-20
0022100011,1610612760,Oklahoma City,Thunder,OKC,thunder,1630177,Theo,Maledon,T. Maledon,theo-maledon,,,,21:11,1,6,0.167,0,3,0.0,2,2,1.0,0,2,2,3,0,0,2,1,4,-3.0,2021-10-20
0022100011,1610612760,Oklahoma City,Thunder,OKC,thunder,1630526,Jeremiah,Robinson-Earl,J. Robinson-Earl,jeremiah-robinson-earl,,,,13:18,4,6,0.667,2,3,0.667,0,0,0.0,0,2,2,0,0,0,0,1,10,-11.0,2021-10-20
0022100011,1610612760,Oklahoma City,Thunder,OKC,thunder,1630249,Vít,Krejčí,V. Krejčí,vít-krejčí,,,,3:14,0,0,0.0,0,0,0.0,0,0,0.0,0,1,1,0,0,0,0,0,0,3.0,2021-10-20
0022100011,1610612760,Oklahoma City,Thunder,OKC,thunder,1630466,Gabriel,Deck,G. Deck,gabriel-deck,,DNP - Coach's Decision,,,0,0,0.0,0,0,0.0,0,0,0.0,0,0,0,0,0,0,0,0,0,0.0,2021-10-20
0022100011,1610612760,Oklahoma City,Thunder,OKC,thunder,1629660,Ty,Jerome,T. Jerome,ty-jerome,,DNP - Coach's Decision,,,0,0,0.0,0,0,0.0,0,0,0.0,0,0,0,0,0,0,0,0,0,0.0,2021-10-20
0022100011,1610612760,Oklahoma City,Thunder,OKC,thunder,203488,Mike,Muscala,M. Muscala,mike-muscala,,DNP - Coach's Decision,,,0,0,0.0,0,0,0.0,0,0,0.0,0,0,0,0,0,0,0,0,0,0.0,2021-10-20
0022100011,1610612762,Utah,Jazz,UTA,jazz,202711,Bojan,Bogdanović,B. Bogdanović,bojan-bogdanović,F,,,28:12,10,17,0.588,2,6,0.333,0,0,0.0,2,2,4,2,1,0,1,1,22,17.0,2021-10-20
0022100011,1610612762,Utah,Jazz,UTA,jazz,1626220,Royce,O'Neale,R. O'Neale,royce-oneale,F,,,28:04,0,4,0.0,0,4,0.0,0,0,0.0,0,6,6,2,0,1,1,0,0,14.0,2021-10-20
0022100011,1610612762,Utah,Jazz,UTA,jazz,203497,Rudy,Gobert,R. Gobert,rudy-gobert,C,,,29:29,6,9,0.667,0,0,0.0,4,6,0.667,5,16,21,0,0,1,1,1,16,20.0,2021-10-20
0022100011,1610612762,Utah,Jazz,UTA,jazz,1628378,Donovan,Mitchell,D. Mitchell,donovan-mitchell,G,,,28:28,6,17,0.353,3,10,0.3,1,1,1.0,2,1,3,4,2,1,1,2,16,20.0,2021-10-20
0022100011,1610612762,Utah,Jazz,UTA,jazz,201144,Mike,Conley,M. Conley,mike-conley,G,,,25:09,4,12,0.333,2,7,0.286,0,0,0.0,0,0,0,4,2,0,1,4,10,16.0,2021-10-20
0022100011,1610612762,Utah,Jazz,UTA,jazz,204060,Joe,Ingles,J. Ingles,joe-ingles,,,,26:05,5,8,0.625,4,7,0.571,0,0,0.0,0,3,3,3,0,0,0,1,14,11.0,2021-10-20
0022100011,1610612762,Utah,Jazz,UTA,jazz,202355,Hassan,Whiteside,H. Whiteside,hassan-whiteside,,,,18:31,2,4,0.5,0,0,0.0,2,2,1.0,2,8,10,0,1,2,1,5,6,1.0,2021-10-20
0022100011,1610612762,Utah,Jazz,UTA,jazz,203903,Jordan,Clarkson,J. Clarkson,jordan-clarkson,,,,26:40,6,11,0.545,2,6,0.333,4,4,1.0,1,0,1,1,0,0,3,2,18,4.0,2021-10-20
0022100011,1610612762,Utah,Jazz,UTA,jazz,1629672,Eric,Paschall,E. Paschall,eric-paschall,,,,14:13,1,4,0.25,1,3,0.333,0,0,0.0,0,3,3,1,0,0,0,1,3,4.0,2021-10-20
0022100011,1610612762,Utah,Jazz,UTA,jazz,1630215,Jared,Butler,J. Butler,jared-butler,,,,8:45,0,5,0.0,0,4,0.0,0,0,0.0,0,1,1,1,0,0,1,1,0,1.0,2021-10-20
0022100011,1610612762,Utah,Jazz,UTA,jazz,1630190,Elijah,Hughes,E. Hughes,elijah-hughes,,,,3:14,0,0,0.0,0,0,0.0,2,2,1.0,0,0,0,0,0,0,0,0,2,-3.0,2021-10-20
0022100011,1610612762,Utah,Jazz,UTA,jazz,1630238,Malik,Fitts,M. Fitts,malik-fitts,,,,1:35,0,0,0.0,0,0,0.0,0,0,0.0,0,1,1,0,0,0,0,0,0,0.0,2021-10-20
0022100011,1610612762,Utah,Jazz,UTA,jazz,1629671,Miye,Oni,M. Oni,miye-oni,,,,1:35,0,0,0.0,0,0,0.0,0,0,0.0,0,0,0,0,0,0,0,1,0,0.0,2021-10-20
0022100011,1610612762,Utah,Jazz,UTA,jazz,1628962,Udoka,Azubuike,U. Azubuike,udoka-azubuike,,DNP - Coach's Decision,,,0,0,0.0,0,0,0.0,0,0,0.0,0,0,0,0,0,0,0,0,0,0.0,2021-10-20
0022100005,1610612738,Boston,Celtics,BOS,celtics,1628369,Jayson,Tatum,J. Tatum,jayson-tatum,F,,,44:39,7,30,0.233,2,15,0.133,4,5,0.8,4,7,11,4,1,1,3,2,20,-3.0,2021-10-20
0022100005,1610612738,Boston,Celtics,BOS,celtics,1629684,Grant,Williams,G. Williams,grant-williams,F,,,31:29,6,9,0.667,3,5,0.6,0,0,0.0,0,5,5,4,1,1,2,5,15,-5.0,2021-10-20
0022100005,1610612738,Boston,Celtics,BOS,celtics,1629057,Robert,Williams III,R. Williams III,robert-williams-iii,C,,,44:48,5,5,1.0,0,0,0.0,6,8,0.75,3,7,10,3,3,5,0,1,16,11.0,2021-10-20
0022100005,1610612738,Boston,Celtics,BOS,celtics,1627759,Jaylen,Brown,J. Brown,jaylen-brown,G,,,45:57,16,30,0.533,8,14,0.571,6,8,0.75,0,9,9,6,3,1,4,5,46,16.0,2021-10-20
0022100005,1610612738,Boston,Celtics,BOS,celtics,203935,Marcus,Smart,M. Smart,marcus-smart,G,,,45:55,5,14,0.357,5,11,0.455,0,0,0.0,0,8,8,6,2,0,4,3,15,1.0,2021-10-20
0022100005,1610612738,Boston,Celtics,BOS,celtics,203471,Dennis,Schröder,D. Schröder,dennis-schröder,,,,32:01,5,16,0.313,1,4,0.25,1,2,0.5,2,1,3,8,2,0,2,3,12,-16.0,2021-10-20
0022100005,1610612738,Boston,Celtics,BOS,celtics,1629641,Romeo,Langford,R. Langford,romeo-langford,,,,22:36,4,6,0.667,2,3,0.667,0,0,0.0,2,1,3,0,1,0,3,2,10,-14.0,2021-10-20
0022100005,1610612738,Boston,Celtics,BOS,celtics,1630174,Aaron,Nesmith,A. Nesmith,aaron-nesmith,,,,11:18,0,4,0.0,0,3,0.0,0,0,0.0,1,1,2,1,0,0,0,2,0,-14.0,2021-10-20
0022100005,1610612738,Boston,Celtics,BOS,celtics,1630202,Payton,Pritchard,P. Pritchard,payton-pritchard,,,,11:17,0,3,0.0,0,2,0.0,0,0,0.0,3,2,5,2,0,1,0,1,0,4.0,2021-10-20
0022100005,1610612738,Boston,Celtics,BOS,celtics,1628981,Bruno,Fernando,B. Fernando,bruno-fernando,,DNP - Coach's Decision,,,0,0,0.0,0,0,0.0,0,0,0.0,0,0,0,0,0,0,0,0,0,0.0,2021-10-20
0022100005,1610612738,Boston,Celtics,BOS,celtics,202683,Enes,Freedom,E. Freedom,enes-freedom,,DNP - Coach's Decision,,,0,0,0.0,0,0,0.0,0,0,0.0,0,0,0,0,0,0,0,0,0,0.0,2021-10-20
0022100005,1610612738,Boston,Celtics,BOS,celtics,1630573,Sam,Hauser,S. Hauser,sam-hauser,,DNP - Coach's Decision,,,0,0,0.0,0,0,0.0,0,0,0.0,0,0,0,0,0,0,0,0,0,0.0,2021-10-20
0022100005,1610612738,Boston,Celtics,BOS,celtics,1627823,Juancho,Hernangomez,J. Hernangomez,juancho-hernangomez,,DNP - Coach's Decision,,,0,0,0.0,0,0,0.0,0,0,0.0,0,0,0,0,0,0,0,0,0,0.0,2021-10-20
0022100005,1610612738,Boston,Celtics,BOS,celtics,203953,Jabari,Parker,J. Parker,jabari-parker,,DNP - Coach's Decision,,,0,0,0.0,0,0,0.0,0,0,0.0,0,0,0,0,0,0,0,0,0,0.0,2021-10-20
0022100005,1610612738,Boston,Celtics,BOS,celtics,1630271,Brodric,Thomas,B. Thomas,brodric-thomas,,DNP - Coach's Decision,,,0,0,0.0,0,0,0.0,0,0,0.0,0,0,0,0,0,0,0,0,0,0.0,2021-10-20
0022100005,1610612752,New York,Knicks,NYK,knicks,1629628,RJ,Barrett,R. Barrett,rj-barrett,F,,,47:03,6,11,0.545,3,7,0.429,4,6,0.667,0,5,5,2,0,2,0,5,19,8.0,2021-10-20
0022100005,1610612752,New York,Knicks,NYK,knicks,203944,Julius,Randle,J. Randle,julius-randle,F,,,45:59,12,27,0.444,3,8,0.375,8,8,1.0,0,8,8,9,0,3,7,4,35,10.0,2021-10-20
0022100005,1610612752,New York,Knicks,NYK,knicks,1629011,Mitchell,Robinson,M. Robinson,mitchell-robinson,C,,,34:28,5,5,1.0,0,0,0.0,1,4,0.25,5,12,17,3,0,2,1,2,11,3.0,2021-10-20
0022100005,1610612752,New York,Knicks,NYK,knicks,203095,Evan,Fournier,E. Fournier,evan-fournier,G,,,44:26,13,25,0.52,6,13,0.462,0,0,0.0,0,6,6,3,4,1,1,4,32,11.0,2021-10-20
0022100005,1610612752,New York,Knicks,NYK,knicks,202689,Kemba,Walker,K. Walker,kemba-walker,G,,,35:32,3,8,0.375,3,4,0.75,1,2,0.5,0,8,8,3,1,0,4,4,10,-1.0,2021-10-20
0022100005,1610612752,New York,Knicks,NYK,knicks,201565,Derrick,Rose,D. Rose,derrick-rose,,,,22:27,3,11,0.273,1,3,0.333,2,2,1.0,0,4,4,5,2,1,2,0,9,7.0,2021-10-20
0022100005,1610612752,New York,Knicks,NYK,knicks,1630579,Jericho,Sims,J. Sims,jericho-sims,,,,6:58,0,0,0.0,0,0,0.0,1,2,0.5,0,1,1,0,0,0,0,0,1,-7.0,2021-10-20
0022100005,1610612752,New York,Knicks,NYK,knicks,202692,Alec,Burks,A. Burks,alec-burks,,,,16:18,2,5,0.4,1,4,0.25,0,0,0.0,0,1,1,1,1,0,0,2,5,-5.0,2021-10-20
0022100005,1610612752,New York,Knicks,NYK,knicks,1630193,Immanuel,Quickley,I. Quickley,immanuel-quickley,,,,8:25,1,4,0.25,0,3,0.0,0,0,0.0,0,0,0,1,1,0,1,0,2,-8.0,2021-10-20
0022100005,1610612752,New York,Knicks,NYK,knicks,1630167,Obi,Toppin,O. Toppin,obi-toppin,,,,28:23,6,9,0.667,0,3,0.0,2,3,0.667,2,3,5,0,0,1,1,1,14,4.0,2021-10-20
0022100005,1610612752,New York,Knicks,NYK,knicks,1629656,Quentin,Grimes,Q. Grimes,quentin-grimes,,,,0:01,0,0,0.0,0,0,0.0,0,0,0.0,0,0,0,0,0,0,0,0,0,-2.0,2021-10-20
0022100005,1610612752,New York,Knicks,NYK,knicks,1628995,Kevin,Knox II,K. Knox II,kevin-knox-ii,,DNP - Coach's Decision,,,0,0,0.0,0,0,0.0,0,0,0.0,0,0,0,0,0,0,0,0,0,0.0,2021-10-20
0022100005,1610612752,New York,Knicks,NYK,knicks,1630540,Miles,McBride,M. McBride,miles-mcbride,,DNP - Coach's Decision,,,0,0,0.0,0,0,0.0,0,0,0.0,0,0,0,0,0,0,0,0,0,0.0,2021-10-20
0022100005,1610612752,New York,Knicks,NYK,knicks,1627782,Wayne,Selden,W. Selden,wayne-selden,,DNP - Coach's Decision,,,0,0,0.0,0,0,0.0,0,0,0.0,0,0,0,0,0,0,0,0,0,0.0,2021-10-20
0022100007,1610612739,Cleveland,Cavaliers,CLE,cavaliers,1628374,Lauri,Markkanen,L. Markkanen,lauri-markkanen,F,,,31:28,4,14,0.286,2,7,0.286,0,0,0.0,2,7,9,2,1,0,1,0,10,-4.0,2021-10-20
0022100007,1610612739,Cleveland,Cavaliers,CLE,cavaliers,1630596,Evan,Mobley,E. Mobley,evan-mobley,F,,,38:18,7,13,0.538,1,2,0.5,2,3,0.667,0,9,9,6,1,1,0,2,17,-18.0,2021-10-20
0022100007,1610612739,Cleveland,Cavaliers,CLE,cavaliers,1628386,Jarrett,Allen,J. Allen,jarrett-allen,C,,,28:55,11,11,1.0,0,0,0.0,3,4,0.75,1,3,4,1,3,3,1,1,25,5.0,2021-10-20
0022100007,1610612739,Cleveland,Cavaliers,CLE,cavaliers,1629012,Collin,Sexton,C. Sexton,collin-sexton,G,,,29:22,7,13,0.538,2,6,0.333,1,3,0.333,1,0,1,1,0,0,1,4,17,-14.0,2021-10-20
0022100007,1610612739,Cleveland,Cavaliers,CLE,cavaliers,1629636,Darius,Garland,D. Garland,darius-garland,G,,,31:55,5,15,0.333,3,10,0.3,0,0,0.0,0,1,1,12,0,0,2,2,13,0.0,2021-10-20
0022100007,1610612739,Cleveland,Cavaliers,CLE,cavaliers,1630171,Isaac,Okoro,I. Okoro,isaac-okoro,,,,20:34,3,5,0.6,0,1,0.0,2,2,1.0,1,2,3,1,0,1,0,4,8,8.0,2021-10-20
0022100007,1610612739,Cleveland,Cavaliers,CLE,cavaliers,201567,Kevin,Love,K. Love,kevin-love,,,,17:26,1,6,0.167,0,2,0.0,2,2,1.0,1,2,3,4,0,0,1,1,4,-3.0,2021-10-20
0022100007,1610612739,Cleveland,Cavaliers,CLE,cavaliers,201937,Ricky,Rubio,R. Rubio,ricky-rubio,,,,24:57,4,10,0.4,3,7,0.429,1,1,1.0,0,4,4,10,1,0,2,3,12,-12.0,2021-10-20
0022100007,1610612739,Cleveland,Cavaliers,CLE,cavaliers,1626224,Cedi,Osman,C. Osman,cedi-osman,,,,17:05,5,6,0.833,3,3,1.0,2,3,0.667,1,1,2,1,0,0,2,0,15,-17.0,2021-10-20
0022100007,1610612739,Cleveland,Cavaliers,CLE,cavaliers,202334,Ed,Davis,E. Davis,ed-davis,,DNP - Coach's Decision,,,0,0,0.0,0,0,0.0,0,0,0.0,0,0,0,0,0,0,0,0,0,0.0,2021-10-20
0022100007,1610612739,Cleveland,Cavaliers,CLE,cavaliers,1629605,Tacko,Fall,T. Fall,tacko-fall,,DNP - Coach's Decision,,,0,0,0.0,0,0,0.0,0,0,0.0,0,0,0,0,0,0,0,0,0,0.0,2021-10-20
0022100007,1610612739,Cleveland,Cavaliers,CLE,cavaliers,1630612,Ruben,Nembhard Jr.,R. Nembhard Jr.,ruben-nembhard-jr,,DNP - Coach's Decision,,,0,0,0.0,0,0,0.0,0,0,0.0,0,0,0,0,0,0,0,0,0,0.0,2021-10-20
0022100007,1610612739,Cleveland,Cavaliers,CLE,cavaliers,1630698,Kevin,Pangos,K. Pangos,kevin-pangos,,DNP - Coach's Decision,,,0,0,0.0,0,0,0.0,0,0,0.0,0,0,0,0,0,0,0,0,0,0.0,2021-10-20
0022100007,1610612739,Cleveland,Cavaliers,CLE,cavaliers,1630205,Lamar,Stevens,L. Stevens,lamar-stevens,,DNP - Coach's Decision,,,0,0,0.0,0,0,0.0,0,0,0.0,0,0,0,0,0,0,0,0,0,0.0,2021-10-20
0022100007,1610612739,Cleveland,Cavaliers,CLE,cavaliers,1627756,Denzel,Valentine,D. Valentine,denzel-valentine,,DNP - Coach's Decision,,,0,0,0.0,0,0,0.0,0,0,0.0,0,0,0,0,0,0,0,0,0,0.0,2021-10-20
0022100007,1610612763,Memphis,Grizzlies,MEM,grizzlies,1630217,Desmond,Bane,D. Bane,desmond-bane,F,,,29:39,8,16,0.5,2,6,0.333,4,4,1.0,1,2,3,3,2,0,3,2,22,-7.0,2021-10-20
0022100007,1610612763,Memphis,Grizzlies,MEM,grizzlies,1628991,Jaren,Jackson Jr.,J. Jackson Jr.,jaren-jackson-jr,F,,,30:48,3,12,0.25,3,8,0.375,4,4,1.0,0,6,6,2,0,4,2,2,13,16.0,2021-10-20
0022100007,1610612763,Memphis,Grizzlies,MEM,grizzlies,203500,Steven,Adams,S. Adams,steven-adams,C,,,31:45,4,7,0.571,0,0,0.0,0,0,0.0,6,8,14,3,1,1,2,0,8,1.0,2021-10-20
0022100007,1610612763,Memphis,Grizzlies,MEM,grizzlies,1629001,De'Anthony,Melton,D. Melton,deanthony-melton,G,,,30:39,8,14,0.571,4,6,0.667,0,0,0.0,2,2,4,3,0,0,0,0,20,17.0,2021-10-20
0022100007,1610612763,Memphis,Grizzlies,MEM,grizzlies,1629630,Ja,Morant,J. Morant,ja-morant,G,,,33:36,17,29,0.586,1,4,0.25,2,2,1.0,1,5,6,6,0,2,2,2,37,-6.0,2021-10-20
0022100007,1610612763,Memphis,Grizzlies,MEM,grizzlies,203937,Kyle,Anderson,K. Anderson,kyle-anderson,,,,21:50,3,7,0.429,2,5,0.4,2,2,1.0,0,7,7,4,2,0,0,2,10,-10.0,2021-10-20
0022100007,1610612763,Memphis,Grizzlies,MEM,grizzlies,1629723,John,Konchar,J. Konchar,john-konchar,,,,18:32,2,3,0.667,0,1,0.0,0,0,0.0,2,4,6,0,1,0,0,4,4,-1.0,2021-10-20
0022100007,1610612763,Memphis,Grizzlies,MEM,grizzlies,1630533,Ziaire,Williams,Z. Williams,ziaire-williams,,,,17:10,1,2,0.5,1,1,1.0,0,0,0.0,0,2,2,1,1,0,1,1,3,13.0,2021-10-20
0022100007,1610612763,Memphis,Grizzlies,MEM,grizzlies,1626145,Tyus,Jones,T. Jones,tyus-jones,,,,14:24,4,7,0.571,1,2,0.5,0,0,0.0,0,2,2,5,1,0,0,0,9,17.0,2021-10-20
0022100007,1610612763,Memphis,Grizzlies,MEM,grizzlies,1629634,Brandon,Clarke,B. Clarke,brandon-clarke,,,,11:37,3,3,1.0,0,0,0.0,0,0,0.0,1,2,3,1,0,1,0,2,6,15.0,2021-10-20
0022100007,1610612763,Memphis,Grizzlies,MEM,grizzlies,1630583,Santi,Aldama,S. Aldama,santi-aldama,,DNP - Coach's Decision,,,0,0,0.0,0,0,0.0,0,0,0.0,0,0,0,0,0,0,0,0,0,0.0,2021-10-20
0022100007,1610612763,Memphis,Grizzlies,MEM,grizzlies,1629633,Jarrett,Culver,J. Culver,jarrett-culver,,DNP - Coach's Decision,,,0,0,0.0,0,0,0.0,0,0,0.0,0,0,0,0,0,0,0,0,0,0.0,2021-10-20
0022100007,1610612763,Memphis,Grizzlies,MEM,grizzlies,1630241,Sam,Merrill,S. Merrill,sam-merrill,,DNP - Coach's Decision,,,0,0,0.0,0,0,0.0,0,0,0.0,0,0,0,0,0,0,0,0,0,0.0,2021-10-20
0022100007,1610612763,Memphis,Grizzlies,MEM,grizzlies,1629681,Killian,Tillie,K. Tillie,killian-tillie,,DNP - Coach's Decision,,,0,0,0.0,0,0,0.0,0,0,0.0,0,0,0,0,0,0,0,0,0,0.0,2021-10-20
0022100007,1610612763,Memphis,Grizzlies,MEM,grizzlies,1630214,Xavier,Tillman,X. Tillman,xavier-tillman,,DNP - Coach's Decision,,,0,0,0.0,0,0,0.0,0,0,0.0,0,0,0,0,0,0,0,0,0,0.0,2021-10-20
0022100008,1610612745,Houston,Rockets,HOU,rockets,1630256,Jae'Sean,Tate,J. Tate,jaesean-tate,F,,,21:10,1,4,0.25,0,0,0.0,0,0,0.0,1,2,3,2,0,0,2,4,2,-16.0,2021-10-20
0022100008,1610612745,Houston,Rockets,HOU,rockets,1626174,Christian,Wood,C. Wood,christian-wood,F,,,32:02,6,15,0.4,2,6,0.333,2,4,0.5,2,7,9,3,0,1,1,3,16,-24.0,2021-10-20
0022100008,1610612745,Houston,Rockets,HOU,rockets,1628464,Daniel,Theis,D. Theis,daniel-theis,C,,,20:34,4,6,0.667,1,2,0.5,2,2,1.0,2,3,5,0,0,0,1,2,11,-23.0,2021-10-20
0022100008,1610612745,Houston,Rockets,HOU,rockets,1629645,Kevin,Porter Jr.,K. Porter Jr.,kevin-porter-jr,G,,,24:45,4,12,0.333,2,7,0.286,1,2,0.5,1,2,3,3,1,0,9,3,11,-18.0,2021-10-20
0022100008,1610612745,Houston,Rockets,HOU,rockets,1630224,Jalen,Green,J. Green,jalen-green,G,,,32:11,4,14,0.286,1,6,0.167,0,0,0.0,0,4,4,4,1,0,0,0,9,-37.0,2021-10-20
0022100008,1610612745,Houston,Rockets,HOU,rockets,201569,Eric,Gordon,E. Gordon,eric-gordon,,,,22:47,6,8,0.75,3,4,0.75,0,0,0.0,0,2,2,0,1,0,3,0,15,-27.0,2021-10-20
0022100008,1610612745,Houston,Rockets,HOU,rockets,1628021,David,Nwaba,D. Nwaba,david-nwaba,,,,17:01,3,7,0.429,0,2,0.0,1,4,0.25,0,4,4,2,2,0,1,6,7,18.0,2021-10-20
0022100008,1610612745,Houston,Rockets,HOU,rockets,1630578,Alperen,Sengun,A. Sengun,alperen-sengun,,,,18:35,3,4,0.75,0,0,0.0,5,5,1.0,3,3,6,2,3,0,3,4,11,-8.0,2021-10-20
0022100008,1610612745,Houston,Rockets,HOU,rockets,201571,D.J.,Augustin,D. Augustin,dj-augustin,,,,16:40,1,4,0.25,0,2,0.0,0,0,0.0,0,0,0,2,1,0,3,1,2,-19.0,2021-10-20
0022100008,1610612745,Houston,Rockets,HOU,rockets,1630231,KJ,Martin,K. Martin,kj-martin,,,,9:09,3,4,0.75,0,0,0.0,1,2,0.5,1,1,2,1,1,0,0,0,7,13.0,2021-10-20
0022100008,1610612745,Houston,Rockets,HOU,rockets,1630528,Josh,Christopher,J. Christopher,josh-christopher,,,,8:22,1,3,0.333,1,1,1.0,2,2,1.0,1,0,1,1,2,0,1,0,5,17.0,2021-10-20
0022100008,1610612745,Houston,Rockets,HOU,rockets,1630586,Usman,Garuba,U. Garuba,usman-garuba,,,,8:22,2,3,0.667,0,0,0.0,0,0,0.0,1,1,2,1,1,2,0,1,4,17.0,2021-10-20
0022100008,1610612745,Houston,Rockets,HOU,rockets,1629717,Armoni,Brooks,A. Brooks,armoni-brooks,,,,8:22,2,4,0.5,1,3,0.333,1,1,1.0,0,0,0,0,0,0,0,1,6,17.0,2021-10-20
0022100008,1610612750,Minnesota,Timberwolves,MIN,timberwolves,1629006,Josh,Okogie,J. Okogie,josh-okogie,F,,,21:11,2,5,0.4,0,1,0.0,2,2,1.0,2,3,5,0,2,2,0,1,6,20.0,2021-10-20
0022100008,1610612750,Minnesota,Timberwolves,MIN,timberwolves,1630183,Jaden,McDaniels,J. McDaniels,jaden-mcdaniels,F,,,25:31,2,3,0.667,0,1,0.0,0,0,0.0,0,4,4,1,4,2,1,3,4,25.0,2021-10-20
0022100008,1610612750,Minnesota,Timberwolves,MIN,timberwolves,1626157,Karl-Anthony,Towns,K. Towns,karl-anthony-towns,C,,,29:23,11,15,0.733,3,4,0.75,5,5,1.0,5,5,10,2,2,2,3,3,30,34.0,2021-10-20
0022100008,1610612750,Minnesota,Timberwolves,MIN,timberwolves,1630162,Anthony,Edwards,A. Edwards,anthony-edwards,G,,,31:11,10,21,0.476,6,12,0.5,3,4,0.75,2,4,6,3,1,0,4,2,29,26.0,2021-10-20
0022100008,1610612750,Minnesota,Timberwolves,MIN,timberwolves,1626156,D'Angelo,Russell,D. Russell,dangelo-russell,G,,,24:41,6,16,0.375,4,8,0.5,6,8,0.75,0,3,3,7,1,1,3,3,22,9.0,2021-10-20
0022100008,1610612750,Minnesota,Timberwolves,MIN,timberwolves,1629162,Jordan,McLaughlin,J. McLaughlin,jordan-mclaughlin,,,,18:39,1,3,0.333,0,1,0.0,1,2,0.5,1,1,2,4,2,0,1,1,3,19.0,2021-10-20
0022100008,1610612750,Minnesota,Timberwolves,MIN,timberwolves,1627736,Malik,Beasley,M. Beasley,malik-beasley,,,,20:31,4,8,0.5,1,4,0.25,0,2,0.0,0,1,1,4,2,2,0,1,9,6.0,2021-10-20
0022100008,1610612750,Minnesota,Timberwolves,MIN,timberwolves,1627752,Taurean,Prince,T. Prince,taurean-prince,,,,16:08,1,3,0.333,1,3,0.333,2,2,1.0,0,3,3,2,1,0,1,1,5,2.0,2021-10-20
0022100008,1610612750,Minnesota,Timberwolves,MIN,timberwolves,1629675,Naz,Reid,N. Reid,naz-reid,,,,18:37,2,5,0.4,0,2,0.0,1,2,0.5,2,5,7,1,1,3,2,3,5,-16.0,2021-10-20
0022100008,1610612750,Minnesota,Timberwolves,MIN,timberwolves,1629020,Jarred,Vanderbilt,J. Vanderbilt,jarred-vanderbilt,,,,15:07,0,0,0.0,0,0,0.0,2,2,1.0,0,3,3,1,2,0,0,3,2,4.0,2021-10-20
0022100008,1610612750,Minnesota,Timberwolves,MIN,timberwolves,1629669,Jaylen,Nowell,J. Nowell,jaylen-nowell,,,,5:33,1,3,0.333,0,0,0.0,0,0,0.0,1,1,2,1,0,0,1,1,2,-13.0,2021-10-20
0022100008,1610612750,Minnesota,Timberwolves,MIN,timberwolves,1627774,Jake,Layman,J. Layman,jake-layman,,,,4:40,1,3,0.333,0,1,0.0,0,0,0.0,0,0,0,0,0,0,0,0,2,-10.0,2021-10-20
0022100008,1610612750,Minnesota,Timberwolves,MIN,timberwolves,1630195,Leandro,Bolmaro,L. Bolmaro,leandro-bolmaro,,,,4:40,0,1,0.0,0,0,0.0,2,2,1.0,0,0,0,0,0,0,1,0,2,-10.0,2021-10-20
0022100008,1610612750,Minnesota,Timberwolves,MIN,timberwolves,1630593,McKinley,Wright IV,M. Wright IV,mckinley-wright-iv,,,,4:08,1,1,1.0,1,1,1.0,0,0,0.0,0,0,0,0,0,0,1,0,3,-6.0,2021-10-20
0022100008,1610612750,Minnesota,Timberwolves,MIN,timberwolves,201976,Patrick,Beverley,P. Beverley,patrick-beverley,,DNP - League Suspension,,,0,0,0.0,0,0,0.0,0,0,0.0,0,0,0,0,0,0,0,0,0,0.0,2021-10-20
0022100009,1610612755,Philadelphia,76ers,PHI,sixers,201980,Danny,Green,D. Green,danny-green,F,,,18:35,0,1,0.0,0,1,0.0,0,0,0.0,0,0,0,0,0,0,0,3,0,11.0,2021-10-20
0022100009,1610612755,Philadelphia,76ers,PHI,sixers,202699,Tobias,Harris,T. Harris,tobias-harris,F,,,27:44,8,16,0.5,0,2,0.0,4,5,0.8,2,10,12,2,1,0,0,0,20,8.0,2021-10-20
0022100009,1610612755,Philadelphia,76ers,PHI,sixers,203954,Joel,Embiid,J. Embiid,joel-embiid,C,,,25:42,8,17,0.471,2,3,0.667,4,6,0.667,1,5,6,5,1,1,1,3,22,4.0,2021-10-20
0022100009,1610612755,Philadelphia,76ers,PHI,sixers,203552,Seth,Curry,S. Curry,seth-curry,G,,,27:31,4,5,0.8,2,3,0.667,0,0,0.0,0,2,2,2,0,0,2,0,10,8.0,2021-10-20
0022100009,1610612755,Philadelphia,76ers,PHI,sixers,1630178,Tyrese,Maxey,T. Maxey,tyrese-maxey,G,,,33:40,8,14,0.571,2,3,0.667,2,2,1.0,0,7,7,5,0,0,1,2,20,23.0,2021-10-20
0022100009,1610612755,Philadelphia,76ers,PHI,sixers,1627777,Georges,Niang,G. Niang,georges-niang,,,,18:12,4,5,0.8,3,4,0.75,0,0,0.0,0,0,0,1,0,1,0,1,11,18.0,2021-10-20
0022100009,1610612755,Philadelphia,76ers,PHI,sixers,1627788,Furkan,Korkmaz,F. Korkmaz,furkan-korkmaz,,,,20:08,7,11,0.636,4,4,1.0,4,4,1.0,0,0,0,5,1,0,1,0,22,22.0,2021-10-20
0022100009,1610612755,Philadelphia,76ers,PHI,sixers,1629680,Matisse,Thybulle,M. Thybulle,matisse-thybulle,,,,27:21,1,3,0.333,0,1,0.0,0,0,0.0,0,1,1,0,4,1,1,0,2,15.0,2021-10-20
0022100009,1610612755,Philadelphia,76ers,PHI,sixers,1630198,Isaiah,Joe,I. Joe,isaiah-joe,,,,12:37,0,3,0.0,0,2,0.0,0,0,0.0,0,0,0,0,0,0,2,0,0,-7.0,2021-10-20
0022100009,1610612755,Philadelphia,76ers,PHI,sixers,203083,Andre,Drummond,A. Drummond,andre-drummond,,,,19:03,2,4,0.5,0,0,0.0,2,3,0.667,2,15,17,3,2,2,4,2,6,22.0,2021-10-20
0022100009,1610612755,Philadelphia,76ers,PHI,sixers,1630194,Paul,Reed,P. Reed,paul-reed,,,,3:15,1,3,0.333,0,0,0.0,0,0,0.0,0,0,0,1,0,0,0,0,2,-6.0,2021-10-20
0022100009,1610612755,Philadelphia,76ers,PHI,sixers,1630531,Jaden,Springer,J. Springer,jaden-springer,,,,2:04,0,0,0.0,0,0,0.0,0,0,0.0,0,0,0,0,0,0,0,0,0,-6.0,2021-10-20
0022100009,1610612755,Philadelphia,76ers,PHI,sixers,1630565,Aaron,Henry,A. Henry,aaron-henry,,,,2:04,0,1,0.0,0,1,0.0,0,0,0.0,0,0,0,0,0,0,0,0,0,-6.0,2021-10-20
0022100009,1610612755,Philadelphia,76ers,PHI,sixers,1629646,Charles,Bassey,C. Bassey,charles-bassey,,,,2:04,1,2,0.5,0,1,0.0,0,0,0.0,1,1,2,0,0,0,0,0,2,-6.0,2021-10-20
0022100009,1610612740,New Orleans,Pelicans,NOP,pelicans,1628404,Josh,Hart,J. Hart,josh-hart,F,,,10:10,2,2,1.0,0,0,0.0,1,2,0.5,0,2,2,1,0,0,0,1,5,-2.0,2021-10-20
0022100009,1610612740,New Orleans,Pelicans,NOP,pelicans,1627742,Brandon,Ingram,B. Ingram,brandon-ingram,F,,,36:37,12,26,0.462,1,3,0.333,0,0,0.0,0,7,7,6,0,1,4,1,25,-29.0,2021-10-20
0022100009,1610612740,New Orleans,Pelicans,NOP,pelicans,202685,Jonas,Valančiūnas,J. Valančiūnas,jonas-valančiūnas,C,,,29:35,3,19,0.158,1,3,0.333,2,2,1.0,5,7,12,3,0,1,1,4,9,-21.0,2021-10-20
0022100009,1610612740,New Orleans,Pelicans,NOP,pelicans,1629638,Nickeil,Alexander-Walker,N. Alexander-Walker,nickeil-alexander-walker,G,,,34:00,9,16,0.563,4,8,0.5,1,2,0.5,0,5,5,1,1,1,1,2,23,-19.0,2021-10-20
0022100009,1610612740,New Orleans,Pelicans,NOP,pelicans,1628984,Devonte',Graham,D. Graham,devonte-graham,G,,,29:09,6,9,0.667,4,6,0.667,2,3,0.667,0,1,1,5,1,1,3,0,18,-19.0,2021-10-20
0022100009,1610612740,New Orleans,Pelicans,NOP,pelicans,202066,Garrett,Temple,G. Temple,garrett-temple,,,,15:06,0,1,0.0,0,1,0.0,0,0,0.0,0,1,1,1,0,0,0,1,0,-17.0,2021-10-20
0022100009,1610612740,New Orleans,Pelicans,NOP,pelicans,1630530,Trey,Murphy III,T. Murphy III,trey-murphy-iii,,,,18:09,2,7,0.286,2,5,0.4,0,0,0.0,0,0,0,2,0,0,0,1,6,-4.0,2021-10-20
0022100009,1610612740,New Orleans,Pelicans,NOP,pelicans,1629637,Jaxson,Hayes,J. Hayes,jaxson-hayes,,,,18:25,2,4,0.5,0,0,0.0,0,0,0.0,4,2,6,0,1,0,1,1,4,1.0,2021-10-20
0022100009,1610612740,New Orleans,Pelicans,NOP,pelicans,203107,Tomas,Satoransky,T. Satoransky,tomas-satoransky,,,,8:40,0,1,0.0,0,1,0.0,0,0,0.0,0,2,2,2,1,0,1,1,0,-9.0,2021-10-20
0022100009,1610612740,New Orleans,Pelicans,NOP,pelicans,1630184,Kira,Lewis Jr.,K. Lewis Jr.,kira-lewis-jr,,,,16:44,2,6,0.333,1,2,0.5,0,0,0.0,1,3,4,5,1,0,1,1,5,1.0,2021-10-20
0022100009,1610612740,New Orleans,Pelicans,NOP,pelicans,1630230,Naji,Marshall,N. Marshall,naji-marshall,,,,20:10,1,2,0.5,0,1,0.0,0,0,0.0,0,4,4,2,0,2,1,3,2,12.0,2021-10-20
0022100009,1610612740,New Orleans,Pelicans,NOP,pelicans,1630529,Herbert,Jones,H. Jones,herbert-jones,,,,3:15,0,0,0.0,0,0,0.0,0,0,0.0,0,0,0,0,0,0,0,0,0,6.0,2021-10-20
0022100009,1610612740,New Orleans,Pelicans,NOP,pelicans,1630631,Jose,Alvarado,J. Alvarado,jose-alvarado,,DNP - Coach's Decision,,,0,0,0.0,0,0,0.0,0,0,0.0,0,0,0,0,0,0,0,0,0,0.0,2021-10-20
0022100009,1610612740,New Orleans,Pelicans,NOP,pelicans,1626195,Willy,Hernangomez,W. Hernangomez,willy-hernangomez,,DNP - Coach's Decision,,,0,0,0.0,0,0,0.0,0,0,0.0,0,0,0,0,0,0,0,0,0,0.0,2021-10-20
0022100009,1610612740,New Orleans,Pelicans,NOP,pelicans,1629712,Didi,Louzada,D. Louzada,didi-louzada,,DNP - Coach's Decision,,,0,0,0.0,0,0,0.0,0,0,0.0,0,0,0,0,0,0,0,0,0,0.0,2021-10-20
0022100012,1610612743,Denver,Nuggets,DEN,nuggets,1629008,Michael,Porter Jr.,M. Porter Jr.,michael-porter-jr,F,,,33:60,6,10,0.6,2,3,0.667,1,1,1.0,1,5,6,5,2,0,2,3,15,24.0,2021-10-20
0022100012,1610612743,Denver,Nuggets,DEN,nuggets,203932,Aaron,Gordon,A. Gordon,aaron-gordon,F,,,29:01,5,6,0.833,1,1,1.0,1,2,0.5,2,6,8,4,0,1,3,2,12,22.0,2021-10-20
0022100012,1610612743,Denver,Nuggets,DEN,nuggets,203999,Nikola,Jokić,N. Jokić,nikola-jokić,C,,,34:43,13,22,0.591,1,6,0.167,0,0,0.0,2,11,13,2,2,0,3,3,27,28.0,2021-10-20
0022100012,1610612743,Denver,Nuggets,DEN,nuggets,203115,Will,Barton,W. Barton,will-barton,G,,,33:30,8,14,0.571,4,8,0.5,0,0,0.0,0,6,6,5,1,0,0,2,20,20.0,2021-10-20
0022100012,1610612743,Denver,Nuggets,DEN,nuggets,1628420,Monté,Morris,M. Morris,monté-morris,G,,,28:26,3,8,0.375,3,6,0.5,0,2,0.0,0,2,2,3,0,0,1,1,9,18.0,2021-10-20
0022100012,1610612743,Denver,Nuggets,DEN,nuggets,1630267,Facundo,Campazzo,F. Campazzo,facundo-campazzo,,,,19:34,0,3,0.0,0,1,0.0,0,0,0.0,0,3,3,4,2,0,2,1,0,-6.0,2021-10-20
0022100012,1610612743,Denver,Nuggets,DEN,nuggets,1628408,PJ,Dozier,P. Dozier,pj-dozier,,,,20:47,3,4,0.75,3,4,0.75,1,2,0.5,1,4,5,1,1,0,1,2,10,-7.0,2021-10-20
0022100012,1610612743,Denver,Nuggets,DEN,nuggets,201145,Jeff,Green,J. Green,jeff-green,,,,18:59,4,9,0.444,3,6,0.5,2,2,1.0,0,1,1,1,0,0,2,3,13,-10.0,2021-10-20
0022100012,1610612743,Denver,Nuggets,DEN,nuggets,203085,Austin,Rivers,A. Rivers,austin-rivers,,,,7:43,1,3,0.333,0,2,0.0,0,0,0.0,0,0,0,0,0,0,1,0,2,-13.0,2021-10-20
0022100012,1610612743,Denver,Nuggets,DEN,nuggets,203210,JaMychal,Green,J. Green,jamychal-green,,,,13:17,1,4,0.25,0,2,0.0,0,0,0.0,0,2,2,0,1,0,2,3,2,-16.0,2021-10-20
0022100012,1610612743,Denver,Nuggets,DEN,nuggets,1629626,Bol,Bol,B. Bol,bol-bol,,DNP - Coach's Decision,,,0,0,0.0,0,0,0.0,0,0,0.0,0,0,0,0,0,0,0,0,0,0.0,2021-10-20
0022100012,1610612743,Denver,Nuggets,DEN,nuggets,1627822,Petr,Cornelie,P. Cornelie,petr-cornelie,,DNP - Coach's Decision,,,0,0,0.0,0,0,0.0,0,0,0.0,0,0,0,0,0,0,0,0,0,0.0,2021-10-20
0022100012,1610612743,Denver,Nuggets,DEN,nuggets,1630210,Markus,Howard,M. Howard,markus-howard,,DNP - Coach's Decision,,,0,0,0.0,0,0,0.0,0,0,0.0,0,0,0,0,0,0,0,0,0,0.0,2021-10-20
0022100012,1610612743,Denver,Nuggets,DEN,nuggets,1630538,Bones,Hyland,B. Hyland,bones-hyland,,DNP - Coach's Decision,,,0,0,0.0,0,0,0.0,0,0,0.0,0,0,0,0,0,0,0,0,0,0.0,2021-10-20
0022100012,1610612743,Denver,Nuggets,DEN,nuggets,1630192,Zeke,Nnaji,Z. Nnaji,zeke-nnaji,,DNP - Coach's Decision,,,0,0,0.0,0,0,0.0,0,0,0.0,0,0,0,0,0,0,0,0,0,0.0,2021-10-20
0022100012,1610612756,Phoenix,Suns,PHX,suns,1628969,Mikal,Bridges,M. Bridges,mikal-bridges,F,,,33:32,7,16,0.438,2,6,0.333,0,2,0.0,1,4,5,0,1,1,1,2,16,-21.0,2021-10-20
0022100012,1610612756,Phoenix,Suns,PHX,suns,203109,Jae,Crowder,J. Crowder,jae-crowder,F,,,24:06,0,5,0.0,0,5,0.0,2,2,1.0,0,8,8,2,1,0,1,1,2,-7.0,2021-10-20
0022100012,1610612756,Phoenix,Suns,PHX,suns,1629028,Deandre,Ayton,D. Ayton,deandre-ayton,C,,,32:36,6,10,0.6,1,3,0.333,2,2,1.0,2,4,6,2,1,0,2,2,15,-15.0,2021-10-20
0022100012,1610612756,Phoenix,Suns,PHX,suns,1626164,Devin,Booker,D. Booker,devin-booker,G,,,29:57,3,15,0.2,2,7,0.286,4,4,1.0,1,3,4,4,1,0,3,3,12,-24.0,2021-10-20
0022100012,1610612756,Phoenix,Suns,PHX,suns,101108,Chris,Paul,C. Paul,chris-paul,G,,,33:37,6,11,0.545,2,4,0.5,1,2,0.5,2,2,4,10,2,1,3,3,15,-23.0,2021-10-20
0022100012,1610612756,Phoenix,Suns,PHX,suns,1626166,Cameron,Payne,C. Payne,cameron-payne,,,,14:23,3,9,0.333,1,3,0.333,3,5,0.6,1,1,2,3,1,0,3,2,10,11.0,2021-10-20
0022100012,1610612756,Phoenix,Suns,PHX,suns,201580,JaVale,McGee,J. McGee,javale-mcgee,,,,15:07,3,4,0.75,0,0,0.0,0,0,0.0,1,7,8,0,0,1,3,2,6,3.0,2021-10-20
0022100012,1610612756,Phoenix,Suns,PHX,suns,1629661,Cameron,Johnson,C. Johnson,cameron-johnson,,,,23:54,4,10,0.4,3,5,0.6,0,0,0.0,1,1,2,1,1,0,1,1,11,-5.0,2021-10-20
0022100012,1610612756,Phoenix,Suns,PHX,suns,1629013,Landry,Shamet,L. Shamet,landry-shamet,,,,19:25,4,5,0.8,3,3,1.0,0,0,0.0,1,2,3,0,0,0,0,0,11,12.0,2021-10-20
0022100012,1610612756,Phoenix,Suns,PHX,suns,1627846,Abdel,Nader,A. Nader,abdel-nader,,,,13:23,0,2,0.0,0,1,0.0,0,0,0.0,1,2,3,1,1,0,1,2,0,9.0,2021-10-20
0022100012,1610612756,Phoenix,Suns,PHX,suns,1628990,Chandler,Hutchison,C. Hutchison,chandler-hutchison,,DNP - Coach's Decision,,,0,0,0.0,0,0,0.0,0,0,0.0,0,0,0,0,0,0,0,0,0,0.0,2021-10-20
0022100012,1610612756,Phoenix,Suns,PHX,suns,1626163,Frank,Kaminsky,F. Kaminsky,frank-kaminsky,,DNP - Coach's Decision,,,0,0,0.0,0,0,0.0,0,0,0.0,0,0,0,0,0,0,0,0,0,0.0,2021-10-20
0022100012,1610612756,Phoenix,Suns,PHX,suns,203901,Elfrid,Payton,E. Payton,elfrid-payton,,DNP - Coach's Decision,,,0,0,0.0,0,0,0.0,0,0,0.0,0,0,0,0,0,0,0,0,0,0.0,2021-10-20
0022100012,1610612756,Phoenix,Suns,PHX,suns,1630188,Jalen,Smith,J. Smith,jalen-smith,,DNP - Coach's Decision,,,0,0,0.0,0,0,0.0,0,0,0.0,0,0,0,0,0,0,0,0,0,0.0,2021-10-20
